{
  "forge:ingots/aluminum": "alltheores:aluminum_ingot",
  "forge:ingots/osmium": "alltheores:osmium_ingot",
  "forge:ingots/platinum": "alltheores:platinum_ingot",
  "forge:ingots/zinc": "alltheores:zinc_ingot",
  "forge:ingots/uranium": "alltheores:uranium_ingot",
  "forge:ingots/tin": "alltheores:tin_ingot",
  "forge:ingots/lead": "alltheores:lead_ingot",
  "forge:ingots/silver": "alltheores:silver_ingot",
  "forge:ingots/nickel": "alltheores:nickel_ingot",
  "forge:ingots/iridium": "alltheores:iridium_ingot",
  "forge:ingots/allthemodium": "allthemodium:allthemodium_ingot",
  "forge:ingots/vibranium": "allthemodium:vibranium_ingot",
  "forge:ingots/unobtainium": "allthemodium:unobtainium_ingot",
  "forge:ingots/steel": "alltheores:steel_ingot",
  "forge:ingots/invar": "alltheores:invar_ingot",
  "forge:ingots/electrum": "alltheores:electrum_ingot",
  "forge:ingots/bronze": "alltheores:bronze_ingot",
  "forge:ingots/enderium": "alltheores:enderium_ingot",
  "forge:ingots/lumium": "alltheores:lumium_ingot",
  "forge:ingots/signalum": "alltheores:signalum_ingot",
  "forge:ingots/constantan": "alltheores:constantan_ingot",
  "forge:ingots/brass": "alltheores:brass_ingot",
  "forge:dusts/aluminum": "alltheores:aluminum_dust",
  "forge:dusts/osmium": "alltheores:osmium_dust",
  "forge:dusts/platinum": "alltheores:platinum_dust",
  "forge:dusts/zinc": "alltheores:zinc_dust",
  "forge:dusts/uranium": "alltheores:uranium_dust",
  "forge:dusts/tin": "alltheores:tin_dust",
  "forge:dusts/lead": "alltheores:lead_dust",
  "forge:dusts/silver": "alltheores:silver_dust",
  "forge:dusts/nickel": "alltheores:nickel_dust",
  "forge:dusts/iridium": "alltheores:iridium_dust",
  "forge:dusts/allthemodium": "allthemodium:allthemodium_dust",
  "forge:dusts/vibranium": "allthemodium:vibranium_dust",
  "forge:dusts/unobtainium": "allthemodium:unobtainium_dust",
  "forge:dusts/steel": "alltheores:steel_dust",
  "forge:dusts/invar": "alltheores:invar_dust",
  "forge:dusts/electrum": "alltheores:electrum_dust",
  "forge:dusts/bronze": "alltheores:bronze_dust",
  "forge:dusts/enderium": "alltheores:enderium_dust",
  "forge:dusts/lumium": "alltheores:lumium_dust",
  "forge:dusts/signalum": "alltheores:signalum_dust",
  "forge:dusts/constantan": "alltheores:constantan_dust",
  "forge:dusts/brass": "alltheores:brass_dust",
  "forge:dusts/iron": "alltheores:iron_dust",
  "forge:dusts/gold": "alltheores:gold_dust",
  "forge:dusts/copper": "alltheores:copper_dust",
  "forge:dusts/netherite": "mekanism:dust_netherite",
  "forge:dusts/wood": "mekanism:sawdust",
  "forge:dusts/sulfur": "mekanism:dust_sulfur",
  "forge:dusts/diamond": "alltheores:diamond_dust",
  "forge:dusts/emerald": "mekanism:dust_emerald",
  "forge:dusts/lapis": "mekanism:dust_lapis_lazuli",
  "forge:dusts/coal": "mekanism:dust_coal",
  "forge:dusts/charcoal": "mekanism:dust_charcoal",
  "forge:dusts/obsidian": "mekanism:dust_obsidian",
  "forge:dusts/ender_pearl": "thermal:ender_pearl_dust",
  "forge:ingots/tungsten": "chemlib:tungsten_ingot",
  "forge:silicon": "ae2:silicon",
  "forge:gems/apatite": "thermal:apatite",
  "forge:dusts/saltpeter": "immersiveengineering:dust_saltpeter",
  "forge:ingots/mithril": "null",
  "forge:gems/ruby": "alltheores:ruby",
  "forge:dusts/niter": "thermal:niter_dust",
  "forge:ingots/chrome": "null",
  "forge:gems/sapphire": "alltheores:sapphire",
  "forge:ingots/graphite": "biggerreactors:graphite_ingot",
  "forge:ingots/titanium": "chemlib:titanium_ingot",
  "forge:rubber": "null"
}