{
  "name": "bronze",
  "disable": false,
  "tier": 1,
  "color": "E38C27",
  "armorPoints": 2,
  "enchantability": 12,
  "craftingMaterial": "tag:forge:ingots/bronze",
  "rarity": 0,
  "capacity": 100000,
  "usage": 60,
  "speedVertical": 0.25,
  "accelVertical": 0.11,
  "speedSideways": 0.08,
  "speedHoverDescend": 0.18,
  "speedHover": 0.1,
  "sprintSpeedMulti": 1.0,
  "sprintSpeedMultiVertical": 1.0,
  "sprintFuelMulti": 1.0,
  "creative": false,
  "toughness": 0.0,
  "knockbackResistance": 0.0,
  "curios": true
}