{
  "name": "enderium",
  "disable": false,
  "tier": 5,
  "color": "11928C",
  "armorPoints": 4,
  "enchantability": 15,
  "craftingMaterial": "tag:forge:ingots/enderium",
  "curios": true,
  "capacity": 19200000,
  "rarity": 0,
  "usage": 320,
  "speedVertical": 1.03,
  "accelVertical": 0.17,
  "speedSideways": 0.21,
  "speedHoverDescend": 0.45,
  "speedHover": 0.0,
  "sprintSpeedMulti": 2.0,
  "sprintSpeedMultiVertical": 1.0,
  "sprintFuelMulti": 4.0,
  "creative": false,
  "toughness": 0.0,
  "knockbackResistance": 0.0

}