{
  "name": "invar",
  "disable": false,
  "tier": 2,
  "color": "a4b2a9",
  "armorPoints": 3,
  "enchantability": 12,
  "craftingMaterial": "tag:forge:ingots/invar",
  "rarity": 0,
  "capacity": 400000,
  "usage": 100,
  "speedVertical": 0.48,
  "accelVertical": 0.13,
  "speedSideways": 0.15,
  "speedHoverDescend": 0.3,
  "speedHover": 0.07,
  "sprintSpeedMulti": 1.3,
  "sprintSpeedMultiVertical": 1.0,
  "sprintFuelMulti": 2.7,
  "creative": false,
  "toughness": 0.0,
  "knockbackResistance": 0.0,
  "curios": true
}