{
  "name": "signalum",
  "disable": false,
  "tier": 4,
  "color": "D9290A",
  "armorPoints": 4,
  "enchantability": 12,
  "craftingMaterial": "tag:forge:ingots/signalum",
  "curios": true,
  "capacity": 4800000,
  "rarity": 0,
  "usage": 240,
  "speedVertical": 0.9,
  "accelVertical": 0.15,
  "speedSideways": 0.19,
  "speedHoverDescend": 0.41,
  "speedHover": 0.005,
  "sprintSpeedMulti": 1.8,
  "sprintSpeedMultiVertical": 1.0,
  "sprintFuelMulti": 3.8,
  "creative": false,
  "toughness": 0.0,
  "knockbackResistance": 0.0
}