{
  "scale": 0.2,
  "effects": {
    "mood_sound": {
      "sound": "minecraft:ambient.soul_sand_valley.mood",
      "tick_delay": 6000,
      "block_search_extent": 8,
      "offset": 2.0
    },
    "additions_sound": {
      "sound": "minecraft:ambient.soul_sand_valley.additions",
      "tick_chance": 0.0111
    },
    "music": {
      "sound": "minecraft:music.nether.soul_sand_valley",
      "min_delay": 12000,
      "max_delay": 24000,
      "replace_current_music": false
    },
    "particle": {
      "options": {
        "type": "minecraft:ash"
      },
      "probability": 0.00625
    },
    "ambient_sound": "minecraft:ambient.soul_sand_valley.loop",
    "sky_color": 3343107,
    "fog_color": 1787717,
    "foliage_color": 1787717,
    "grass_color": 1787717,
    "water_color": 3343107,
    "water_fog_color": 3343107
  },
  "surface_builder": "minecraft:soul_sand_valley",
  "carvers": {
    "air": [

    ]
  },
  "features": [
    [
      "minecraft:amethyst_geode"
    ]
  ],
  "starts": [

  ],
  "spawners": {
    "monster": [
      {
        "type": "minecraft:skeleton",
        "weight": 30,
        "minCount": 5,
        "maxCount": 15
      },
      {
        "type": "minecraft:ghast",
        "weight": 50,
        "minCount": 4,
        "maxCount": 4
      },
      {
        "type": "minecraft:wither_skeleton",
        "weight": 140,
        "minCount": 1,
        "maxCount": 4
      },
      {
        "type": "minecraft:blaze",
        "weight": 100,
        "minCount": 2,
        "maxCount": 5
      },
      {
        "type": "minecraft:enderman",
        "weight": 10,
        "minCount": 4,
        "maxCount": 8
      }
    ],
    "creature": [

      {
        "type": "iceandfire:ghost",
        "weight": 240,
        "minCount": 1,
        "maxCount": 2
      }
    ],
    "ambient": [],
    "water_creature": [],
    "water_ambient": [],
    "misc": []
  },
  "spawn_costs": {
  },
  "player_spawn_friendly": false,
  "precipitation": "none",
  "temperature": 1.0,
  "downfall": 0.0,
  "category": "none"
}