{
  "minecraft": {
    "version": "1.16.5",
    "modLoaders": [
      {
        "id": "forge-36.2.0",
        "primary": true
      }
    ]
  },
  "manifestType": "minecraftModpack",
  "manifestVersion": 1,
  "name": "Origin server modpack",
  "version": "1.5",
  "author": "",
  "files": [
    {
      "projectID": 319596,
      "fileID": 3457597,
      "required": true
    },
    {
      "projectID": 314906,
      "fileID": 3466965,
      "required": true
    },
    {
      "projectID": 419699,
      "fileID": 3442690,
      "required": true
    },
    {
      "projectID": 474438,
      "fileID": 3426062,
      "required": true
    },
    {
      "projectID": 502940,
      "fileID": 3385645,
      "required": true
    },
    {
      "projectID": 478492,
      "fileID": 3404203,
      "required": true
    },
    {
      "projectID": 308989,
      "fileID": 3403876,
      "required": true
    },
    {
      "projectID": 404465,
      "fileID": 3456644,
      "required": true
    },
    {
      "projectID": 478902,
      "fileID": 3349474,
      "required": true
    },
    {
      "projectID": 321117,
      "fileID": 3412115,
      "required": true
    },
    {
      "projectID": 348521,
      "fileID": 3311352,
      "required": true
    },
    {
      "projectID": 404468,
      "fileID": 3460043,
      "required": true
    }
  ],
  "overrides": "overrides"
}