{
	"metamorph.Block": {
        	"hands": false,
        	"hostile": true
    	},
    	"Player": {
        	"health": 20,
        	"hands": true
		},
    
    "minecraft:bat": {
       	"abilities": ["fly", "night_vision", "prevent_fall", "water_allergy"],
       	"health": 6,
       	"hostile": true,
       	"hands": false
    },
    "minecraft:cave_spider": {
       	"abilities": ["climb"],
       	"attack": "poison",
       	"health": 12,
       	"hostile": true,
       	"hands": false
    },
    "minecraft:chicken": {
       	"abilities": ["glide"],
       	"health": 4,
       	"hands": false
    },
    "minecraft:cow": {
       	"health": 10,
       	"hands": false
    },
    "minecraft:horse": {
       	"abilities": ["prevent_fall"],
       	"action": "jump",
       	"health": 24,
       	"speed": 0.15,
       	"hands": false
    },
    "minecraft:donkey": {
       	"hostile": false,
       	"hands": false
    },
    "minecraft:mule": {
       	"hostile": false,
       	"hands": false
    },
    "minecraft:mooshroom": {
       	"health": 10,
       	"hands": false
    },
    "minecraft:ocelot": {
       	"health": 10,
       	"speed": 0.15,
       	"hands": false
    },
    "minecraft:parrot": {
       	"abilities": ["fly", "prevent_fall"],
       	"hostile": false,
       	"hands": false
    },
    "minecraft:pig": {
       	"health": 10,
       	"hands": false
    },
    "minecraft:polar_bear": {
       	"health": 30,
       	"hands": false
    },
    "minecraft:rabbit": {
       	"abilities": ["prevent_fall", "jumping"],
       	"action": "jump",
       	"health": 3,
       	"speed": 0.13,
       	"hands": false
    },
    "minecraft:sheep": {
       	"health": 8,
       	"hands": false
    },
    "minecraft:llama": {
       	"hostile": false,
       	"health": 15,
       	"hands": false
    },
    "minecraft:spider": {
       	"abilities": ["climb"],
       	"health": 16,
       	"hostile": true,
       	"hands": false
    },
    "minecraft:squid": {
       	"abilities": ["water_breath", "swim", "night_vision"],
       	"health": 10,
       	"hands": false
    },
    "minecraft:wolf": {
        "abilities": ["night_vision"],
		"health": 8,
       	"hostile": false,
       	"hands": false
    },
       "minecraft:enderman": {
       	"abilities": ["water_allergy"],
       	"action": "teleport",
       	"health": 40,
       	"hostile": true,
       	"hands": true
    },
    "minecraft:endermite": {
       	"action": "endermite",
       	"health": 8,
       	"hostile": true,
       	"hands": false
    },
    "minecraft:zombie_pigman": {
       	"abilities": ["fire_proof", "hungerless"],
       	"health": 20,
       	"hostile": true,
       	"hands": true
    },
    "minecraft:snowman": {
       	"abilities": ["snow_walk"],
      	"action": "snowball",
       	"health": 4,
       	"hands": true
    },
    "minecraft:villager": {
       	"health": 20,
       	"hands": true
    },
    "minecraft:vindication_illager": {
       	"health": 20,
       	"hands": true,
       	"hostile": true
    },
    "minecraft:villager_golem": {
       	"attack": "knockback",
       	"health": 100,
       	"speed": 0.04,
       	"hands": true
    },
       "minecraft:blaze": {
       	"abilities": ["fly", "fire_proof", "water_allergy"],
       	"action": "small_fireball",
       	"health": 20,
       	"hostile": true,
       	"hands": true
    },
    "minecraft:creeper": {
       	"action": "explode",
       	"health": 20,
       	"hostile": true,
       	"hands": false
    },
    "minecraft:ghast": {
       	"abilities": ["fly", "fire_proof"],
       	"action": "fireball",
       	"health": 10,
       	"hostile": true,
       	"hands": false
    },
    "minecraft:guardian": {
       	"abilities": ["water_breath", "night_vision", "swim", "jumping"],
       	"health": 30,
       	"hostile": true,
       	"hands": false
    },
    "minecraft:elder_guardian": {
       	"abilities": ["water_breath", "night_vision", "swim", "jumping"],
       	"hostile": true,
       	"hands": false
    },
    "minecraft:magma_cube": {
       	"abilities": ["jumping", "fire_proof"],
       	"health": 4,
       	"hostile": true,
       	"hands": false
    },
    "minecraft:silverfish": {
       	"action": "silverfish",
       	"health": 8,
       	"hostile": true,
       	"hands": false
    },
    "minecraft:shulker": {
       	"action": "shulker_bullet",
       	"health": 15,
       	"hostile": true,
       	"hands": false
    },
    "minecraft:slime": {
       	"abilities": ["jumping", "water_breath"],
       	"health": 4,
       	"hostile": true,
       	"hands": false
    },
    "minecraft:skeleton": {
       	"abilities": ["sun_allergy"],
       	"health": 20,
       	"hostile": true,
       	"hands": true
    },
    "minecraft:stray": {
       	"abilities": ["sun_allergy"],
       	"health": 20,
       	"hostile": true,
       	"hands": true
    },
    "minecraft:wither_skeleton": {
       	"abilities": ["fire_proof"],
       	"attack": "wither",
       	"health": 20,
       	"hostile": true,
       	"hands": true
    },
    "minecraft:vex": {
       	"abilities": ["fly", "prevent_fall", "fire_proof"],
       	"hostile": true,
       	"hands": false
    },
    "minecraft:witch": {
       	"action": "potions",
       	"health": 26,
       	"hostile": true,
       	"hands": true
    },
    "minecraft:zombie": {
       	"abilities": ["sun_allergy", "hungerless"],
       	"health": 20,
       	"hostile": true,
       	"hands": true
    },
    "minecraft:husk": {
       	"abilities": ["hungerless"],
       	"health": 20,
       	"hostile": true,
       	"hands": true
    },
    "minecraft:zombie_villager": {
       	"abilities": ["sun_allergy", "hungerless"],
       	"health": 20,
       	"hostile": true,
       	"hands": true
    },
    "minecraft:wither": {
       	"abilities": ["fly"],
       	"hostile": true,
       	"hands": false
    },
    "minecraft:ender_dragon": {
       	"abilities": ["fly"],
       	"action": "fire_breath",
       	"health": 200,
       	"hostile": true,
       	"hands": false
    },
    	"animania:buck_alpine": {
		"hostile": false
    },
    "animania:buck_angora": {
		"hostile": false
    },
    "animania:buck_chinchilla": {
     	"abilities": ["prevent_fall", "jumping"],
       	"action": "jump",
       	"speed": 0.13,
		"hostile": false
    },
    "animania:buck_cottontail": {
     	"abilities": ["prevent_fall", "jumping"],
       	"action": "jump",
       	"speed": 0.13,
		"hostile": false
    },
    "animania:buck_dutch": {
     	"abilities": ["prevent_fall", "jumping"],
       	"action": "jump",
       	"speed": 0.13,
		"hostile": false
    },
    "animania:buck_fainting": {
		"hostile": false
    },
    "animania:buck_havana": {
     	"abilities": ["prevent_fall", "jumping"],
       	"action": "jump",
       	"speed": 0.13,
		"hostile": false
    },
    "animania:buck_jack": {
     	"abilities": ["prevent_fall", "jumping"],
       	"action": "jump",
       	"speed": 0.13,
		"hostile": false
    },
    "animania:buck_kiko": {
		"hostile": false
    },
    "animania:buck_kinder": {
		"hostile": false
    },
    "animania:buck_lop": {
     	"abilities": ["prevent_fall", "jumping"],
       	"action": "jump",
       	"speed": 0.13,
		"hostile": false
    },
    "animania:buck_new_zealand": {
     	"abilities": ["prevent_fall", "jumping"],
       	"action": "jump",
       	"speed": 0.13,
		"hostile": false
    },
    "animania:buck_nigerian_dwarf": {
		"hostile": false
    },
    "animania:buck_pygmy": {
		"hostile": false
    },
    "animania:buck_rex": {
     	"abilities": ["prevent_fall", "jumping"],
       	"action": "jump",
       	"speed": 0.13,
		"hostile": false
    },
    "animania:bull_angus": {
		"hostile": false
    },
    "animania:bull_friesian": {
		"hostile": false
    },
    "animania:bull_hereford": {
		"hostile": false
    },
    "animania:bull_highland": {
		"hostile": false
    },
    "animania:bull_holstein": {
		"hostile": false
    },
    "animania:bull_jersey": {
		"hostile": false
    },
    "animania:bull_longhorn": {
		"hostile": false
    },
    "animania:bull_mooshroom": {
		"hostile": false
    },
    "animania:calf_angus": {
		"hostile": false
    },
    "animania:calf_friesian": {
		"hostile": false
    },
    "animania:calf_hereford": {
		"hostile": false
    },
    "animania:calf_highland": {
		"hostile": false
    },
    "animania:calf_holstein": {
		"hostile": false
    },
    "animania:calf_jersey": {
		"hostile": false
    },
    "animania:calf_longhorn": {
		"hostile": false
    },
    "animania:calf_mooshroom": {
		"hostile": false
    },
    "animania:chick_leghorn": {
     	"abilities": ["glide"],
		"hostile": false
    },
    "animania:chick_orpington": {
     	"abilities": ["glide"],
		"hostile": false
    },
    "animania:chick_plymouth_rock": {
     	"abilities": ["glide"],
		"hostile": false
    },
    "animania:chick_rhode_island_red": {
     	"abilities": ["glide"],
		"hostile": false
    },
    "animania:chick_wyandotte": {
     	"abilities": ["glide"],
		"hostile": false
    },
    "animania:cow_angus": {
		"hostile": false
    },
    "animania:cow_friesian": {
		"hostile": false
    },
    "animania:cow_hereford": {
		"hostile": false
    },
    "animania:cow_highland": {
		"hostile": false
    },
    "animania:cow_holstein": {
		"hostile": false
    },
    "animania:cow_jersey": {
		"hostile": false
    },
    "animania:cow_longhorn": {
		"hostile": false
    },
    "animania:cow_mooshroom": {
		"hostile": false
    },
    "animania:dartfrog": {
     	"abilities": ["climb"],
     	"action": ["jump"],
     	"attack": ["poison"],
		"hostile": false
    },
    "animania:doe_alpine": {
		"hostile": false
    },
    "animania:doe_angora": {
		"hostile": false
    },
    "animania:doe_chinchilla": {
     	"abilities": ["prevent_fall", "jumping"],
       	"action": "jump",
       	"speed": 0.13,
		"hostile": false
    },
    "animania:doe_cottontail": {
     	"abilities": ["prevent_fall", "jumping"],
       	"action": "jump",
      	"speed": 0.13,
		"hostile": false
    },
    "animania:doe_dutch": {
     	"abilities": ["prevent_fall", "jumping"],
       	"action": "jump",
       	"speed": 0.13,
		"hostile": false
    },
    "animania:doe_fainting": {
		"hostile": false
    },
    "animania:doe_havana": {
     	"abilities": ["prevent_fall", "jumping"],
       	"action": "jump",
       	"speed": 0.13,
		"hostile": false
    },
    "animania:doe_jack": {
    	"abilities": ["prevent_fall", "jumping"],
       	"action": "jump",
       	"speed": 0.13,
		"hostile": false
    },
    "animania:doe_kiko": {
		"hostile": false
    },
    "animania:doe_kinder": {
		"hostile": false
    },
    "animania:doe_lop": {
     	"abilities": ["prevent_fall", "jumping"],
       	"action": "jump",
       	"speed": 0.13,
		"hostile": false
    },
    "animania:doe_new_zealand": {
     	"abilities": ["prevent_fall", "jumping"],
       	"action": "jump",
       	"speed": 0.13,
		"hostile": false
    },
    "animania:doe_nigerian_dwarf": {
		"hostile": false
    },
    "animania:doe_pygmy": {
		"hostile": false
    },
    "animania:doe_rex": {
     	"abilities": ["prevent_fall", "jumping"],
       	"action": "jump",
       	"speed": 0.13,
		"hostile": false
    },
    "animania:ewe_dorper": {
		"hostile": false
    },
    "animania:ewe_dorset": {
		"hostile": false
    },
    "animania:ewe_friesian": {
		"hostile": false
    },
    "animania:ewe_jacob": {
		"hostile": false
    },
    "animania:ewe_merino": {
		"hostile": false
    },
    "animania:ewe_suffolk": {
		"hostile": false
    },
    "animania:ferret_grey": {
		"hostile": false
    },
    "animania:ferret_white": {
		"hostile": false
    },
    "animania:foal_draft": {
       	"abilities": ["prevent_fall"],
       	"action": "jump",
       	"speed": 0.15,
      	"hands": false,
		"hostile": false
    },
    "animania:frog": {
     	"abilities": ["climb", "jumping"],
     	"action": ["jump"],
		"hostile": false
    },
    "animania:hamster": {
		"hostile": false
    },
    "animania:hedgehog": {
		"hostile": false
    },
    "animania:hedgehog_albino": {
		"hostile": false
    },
    "animania:hen_leghorn": {
       	"abilities": ["glide"],
		"hostile": false
    },
    "animania:hen_orpington": {
       	"abilities": ["glide"],
		"hostile": false
    },
    "animania:hen_plymouth_rock": {
       	"abilities": ["glide"],
		"hostile": false
    },
    "animania:hen_rhode_island_red": {
       	"abilities": ["glide"],
		"hostile": false
    },
    "animania:hen_wyandotte": {
       	"abilities": ["glide"],
		"hostile": false
    },
    "animania:hog_duroc": {
		"hostile": false
    },
    "animania:hog_hampshire": {
		"hostile": false
    },
    "animania:hog_large_black": {
		"hostile": false
    },
    "animania:hog_large_white": {
		"hostile": false
    },
    "animania:hog_old_spot": {
		"hostile": false
    },
    "animania:hog_yorkshire": {
		"hostile": false
    },
    "animania:kid_alpine": {
		"hostile": false
    },
    "animania:kid_angora": {
		"hostile": false
    },
    "animania:kid_fainting": {
		"hostile": false
    },
    "animania:kid_kiko": {
		"hostile": false
    },
    "animania:kid_kinder": {
		"hostile": false
    },
    "animania:kid_nigerian_dwarf": {
		"hostile": false
    },
    "animania:kid_pygmy": {
		"hostile": false
    },
    "animania:kit_chinchilla": {
     	"abilities": ["prevent_fall", "jumping"],
       	"action": "jump",
       	"speed": 0.13,
		"hostile": false
    },
    "animania:kit_cottontail": {
     	"abilities": ["prevent_fall", "jumping"],
       	"action": "jump",
       	"speed": 0.13,
		"hostile": false
    },
    "animania:kit_dutch": {
     	"abilities": ["prevent_fall", "jumping"],
       	"action": "jump",
       	"speed": 0.13,
		"hostile": false
    },
    "animania:kit_havana": {
     	"abilities": ["prevent_fall", "jumping"],
       	"action": "jump",
       	"speed": 0.13,
		"hostile": false
    },
    "animania:kit_jack": {
     	"abilities": ["prevent_fall", "jumping"],
       	"action": "jump",
       	"speed": 0.13,
		"hostile": false
    },
    "animania:kit_lop": {
     	"abilities": ["prevent_fall", "jumping"],
       	"action": "jump",
       	"speed": 0.13,
		"hostile": false
    },
    "animania:kit_new_zealand": {
     	"abilities": ["prevent_fall", "jumping"],
       	"action": "jump",
       	"speed": 0.13,
		"hostile": false
    },
    "animania:kit_rex": {
     	"abilities": ["prevent_fall", "jumping"],
       	"action": "jump",
       	"speed": 0.13,
		"hostile": false
    },
    "animania:lamb_dorper": {
		"hostile": false
    },
    "animania:lamb_dorset": {
		"hostile": false
    },
    "animania:lamb_friesian": {
		"hostile": false
    },
    "animania:lamb_jacob": {
		"hostile": false
    },
    "animania:lamb_merino": {
		"hostile": false
    },
    "animania:lamb_suffolk": {
		"hostile": false
    },
    "animania:mare_draft": {
       	"abilities": ["prevent_fall"],
       	"action": "jump",
       	"speed": 0.15,
       	"hands": false,
		"hostile": false
    },
    "animania:peachick_blue": {
       	"abilities": ["glide"],
		"hostile": false
    },
    "animania:peachick_charcoal": {
       	"abilities": ["glide"],
		"hostile": false
    },
    "animania:peachick_opal": {
       	"abilities": ["glide"],
		"hostile": false
    },
    "animania:peachick_peach": {
       	"abilities": ["glide"],
		"hostile": false
    },
    "animania:peachick_purple": {
       	"abilities": ["glide"],
		"hostile": false
    },
    "animania:peachick_taupe": {
       	"abilities": ["glide"],
		"hostile": false
    },
    "animania:peachick_white": {
       	"abilities": ["glide"],
		"hostile": false
    },
    "animania:peacock_blue": {
       	"abilities": ["glide"],
		"hostile": false
    },
    "animania:peacock_charcoal": {
       	"abilities": ["glide"],
		"hostile": false
    },
    "animania:peacock_opal": {
       	"abilities": ["glide"],
		"hostile": false
    },
    "animania:peacock_peach": {
       	"abilities": ["glide"],
		"hostile": false
    },
    "animania:peacock_purple": {
       	"abilities": ["glide"],
		"hostile": false
    },
    "animania:peacock_taupe": {
       	"abilities": ["glide"],
		"hostile": false
    },
    "animania:peacock_white": {
       	"abilities": ["glide"],
		"hostile": false
    },
    "animania:peahen_blue": {
       	"abilities": ["glide"],
		"hostile": false
    },
    "animania:peahen_charcoal": {
       	"abilities": ["glide"],
		"hostile": false
    },
    "animania:peahen_opal": {
       	"abilities": ["glide"],
		"hostile": false
    },
    "animania:peahen_peach": {
       	"abilities": ["glide"],
		"hostile": false
    },
    "animania:peahen_purple": {
       	"abilities": ["glide"],
		"hostile": false
    },
    "animania:peahen_taupe": {
       	"abilities": ["glide"],
		"hostile": false
    },
    "animania:peahen_white": {
       	"abilities": ["glide"],
		"hostile": false
    },
    "animania:piglet_duroc": {
		"hostile": false
    },
    "animania:piglet_hampshire": {
		"hostile": false
    },
    "animania:piglet_large_black": {
		"hostile": false
    },
    "animania:piglet_large_white": {
		"hostile": false
    },
    "animania:piglet_old_spot": {
		"hostile": false
    },
    "animania:piglet_yorkshire": {
		"hostile": false
    },
    "animania:ram_dorper": {
		"hostile": false
    },
    "animania:ram_dorset": {
		"hostile": false
    },
    "animania:ram_friesian": {
		"hostile": false
    },
    "animania:ram_jacob": {
		"hostile": false
    },
    "animania:ram_merino": {
		"hostile": false
    },
    "animania:ram_suffolk": {
		"hostile": false
    },
    "animania:rooster_leghorn": {
       	"abilities": ["glide"],
		"hostile": false
    },
    "animania:rooster_orpington": {
        "abilities": ["glide"],
		"hostile": false
    },
    "animania:rooster_plymouth_rock": {
       	"abilities": ["glide"],
		"hostile": false
    },
    "animania:rooster_rhode_island_red": {
       	"abilities": ["glide"],
		"hostile": false
    },
    "animania:rooster_wyandotte": {
       	"abilities": ["glide"],
		"hostile": false
    },
    "animania:sow_duroc": {
		"hostile": false
    },
    "animania:sow_hampshire": {
		"hostile": false
    },
    "animania:sow_large_black": {
		"hostile": false
    },
    "animania:sow_large_white": {
		"hostile": false
    },
    "animania:sow_old_spot": {
		"hostile": false
    },
    "animania:sow_yorkshire": {
		"hostile": false
    },
    "animania:stallion_draft": {
       	"abilities": ["prevent_fall"],
       	"action": "jump",
       	"speed": 0.15,
       	"hands": false,
		"hostile": false
    },
    "animania:toad": {
		"abilities": ["jumping"],
		"action": ["jump"],
		"hostile": false
    },
	"biomesoplenty:pixie": {
		"abilities": ["fly", "prevent_fall", "water_allergy"],
		"health": 20,
		"hostile": true
	},
	"biomesoplenty:wasp": {
		"abilities": ["fly", "prevent_fall", "water_allergy"],
		"attack": ["posion"],
		"hostile": true
	},
	"cutehamstermod:foresthamster": {
		"abilities": ["climb"],
		"hostile": false
	},
	"cutehamstermod:hamster": {
		"hostile": false
	},
	"cutehamstermod:hellhamster": {
		"abilities": ["fire_proof", "water_allergy"],
		"hostile": false
	},
	"cutehamstermod:snowhamster": {
		"abilities": ["snow_walk"],
		"hostile": false
	},
	"cutehamstermod:waterhamster": {
		"abilities": ["water_breath"],
		"hostile": false
	},
	"embers:ancient_golem": {
		"abilities": ["hungerless"],
		"attack": ["small_fireball"],
		"health": 40,
		"hostile": true,
		"hands": true
	},
	"iceandfire:cyclops": {
		"attack": ["knockback"],
		"health": 150,
		"hostile": true,
		"hands": true
	},
	"iceandfire:firedragon": {
		"abilities": ["fly", "fire_proof", "prevent_fall"],
		"attack": ["small_fireball"],
		"hostile": true
	},
	"iceandfire:gorgon": {
		"attack": ["poison"],
		"health": 100,
		"hostile": true,
		"hands": true
	},
	"iceandfire:hippogryph": {
		"abilities": ["fly"],
		"health": 40,
		"hostile": true
	},
	"iceandfire:icedragon": {
		"abilities": ["fly", "snow_walk", "prevent_fall"],
		"attack": ["snowball"],
		"hostile": true
	},
	"iceandfire:if_pixie": {
		"abilities": ["fly", "prevent_fall", "water_allergy"],
		"health": 10,
		"hostile": true,
		"hands": true
	},
	"iceandfire:snowvillager": {
		"hostile": false,
		"hands": true
	},
	"jaff:clownfish": {
		"abilities": ["night_vision", "swim", "water_breath"],
		"hostile": false
	},
	"jaff:cod": {
		"abilities": ["night_vision", "swim", "water_breath"],
		"hostile": false
	},
	"jaff:pufferfish": {
		"abilities": ["night_vision", "swim", "water_breath"],
		"attack": ["poison"],
		"hostile": false
	},
	"jaff:salmon": {
		"abilities": ["night_vision", "swim", "water_breath"],
		"hostile": false
	},
	"nex:boss_ghast_queen": {
      	"abilities": ["fly", "fire_proof"],
       	"action": "fireball",
       	"hostile": true
	},
	"nex:monster_bone_spider": {
		"abilities": ["climb"],
		"hostile": true
	},
	"nex:monster_brute": {
		"hostile": true,
		"hands": true
	},
	"nex:monster_ember": {
		"abilities": ["fly", "fire_proof", "water_allergy"],
		"hostile": true
	},
	"nex:monster_ghastling": {
        "abilities": ["fly", "fire_proof"],
        "action": "small_fireball",
        "hostile": true
	},
	"nex:monster_nethermite": {
        "action": "endermite",
        "hostile": true
	},
	"nex:monster_spinout": {
		"hostile": true
	},
	"nex:monster_spore": {
		"hostile": true
	},
	"nex:monster_spore_creeper": {
        "action": "explode",
        "hostile": true
	},
	"nex:monster_wight": {
		"hostile": true
	},
	"nex:neutral_gold_golem": {
        "attack": "knockback",
        "speed": 0.04,
        "hands": true,
		"hostile": true
	},
	"nex:neutral_mogus": {
		"hostile": false
	},
	"nex:neutral_salamander": {
		"abilities": ["fire_proof"],
		"hostile": false
	},
	"nex:passive_pigtificate": {
		"hostile": false,
		"hands": true
	},
	"nex:passive_pigtificate_leader": {
		"hostile": false,
		"hands": true
	},
	"primitivemobs:baby_spider": {
		"abilities": ["climb"],
		"action": "jump",
		"hostile": true,
		"health": 8
	},
	"primitivemobs:bewitched_tome": {
		"abilities": ["prevent_fall"],
		"hostile": false
	},
	"primitivemobs:blazing_juggernaut": {
        "abilities": ["fly", "fire_proof", "water_allergy"],
        "hostile": true
	},
	"primitivemobs:brain_slime": {
		"abilities": ["jumping", "water_breath"],
		"hostile": true
	},
	"primitivemobs:chameleon": {
		"abilities": ["climb"],
		"hostile": false
	},
	"primitivemobs:dodo": {
		"abilities": ["glide"],
		"hostile": false
	},
	"primitivemobs:festive_creeper": {
        "action": "explode",
        "hostile": true
	},
	"primitivemobs:filch_lizard": {
		"hostile": false
	},
	"primitivemobs:grovesprite": {
		"abilities": ["prevent_fall"],
		"hostile": false,
        "hands": true
	},
	"primitivemobs:haunted_tool": {
		"abilities": ["prevent_fall"],
		"hostile": false
	},
	"primitivemobs:lily_lurker": {
		"abilities": ["sun_allergy", "water_breath"],
		"hostile": true
	},
	"primitivemobs:lost_miner": {
		"hands": true,
		"hostile": false
	},
	"primitivemobs:mimic": {
		"abilities": ["jumping"],
		"hostile": true
	},
	"primitivemobs:mother_spider": {
		"abilities": ["climb"],
		"hostile": true,
		"health": 24
	},
	"primitivemobs:rocket_creeper": {
        "action": "explode",
        "hostile": true
	},
	"primitivemobs:skeleton_warrior": {
        "abilities": ["sun_allergy"],
	    "hostile": true,
        "hands": true
	},
	"primitivemobs:support_creeper": {
        "action": "explode",
        "hostile": true
	},
	"primitivemobs:traveling_merchant": {
		"hostile": false,
        "hands": true
	},
	"primitivemobs:treasure_slime": {
		"abilities": ["jumping", "water_breath"],
		"hostile": true
	},
	"primitivemobs:trollager": {
		"action": "knockback",
		"hostile": true,
        "hands": true
	},
	"statues:statue_bat": {
		"abilities": ["fly", "night_vision", "prevent_fall"],
		"health": 12,
		"hostile": false
	},
	"tconstruct:blueslime": {
		"abilities": ["jumping", "water_breath"],
		"hostile": true
	},
	"ultimate_unicorn_mod:unicorn": {
		"action": ["jump"],
		"hostile": true
	},
	"ultimate_unicorn_mod:pegasus": {
		"abilities": ["fly", "glide"],
		"hostile": true
	},
	"ultimate_unicorn_mod:destrier": {
		"action": ["jump"],
		"attack": "knockback",
		"hostile": true
	},
	"ultimate_unicorn_mod:nightmare": {
		"abilities": ["fire_proof"],
		"action": ["jump"],
		"hostile": true
	},
	"ultimate_unicorn_mod:hippocamp": {
		"abilities": ["swim", "water_breath"],
		"hostile": true
	},
	"ultimate_unicorn_mod:knightvagabond": {
		"hostile": false
	},
	"ultimate_unicorn_mod:velvet": {
		"hostile": false
	},
	"ultimate_unicorn_mod:typhon": {
		"hostile": false
	},
	"ultimate_unicorn_mod:alea": {
		"hostile": false
	},
	"ultimate_unicorn_mod:asmidiske": {
		"hostile": false
	},
	"ultimate_unicorn_mod:velvetbunny": {
		"hostile": false
	},
	"ultimate_unicorn_mod:zombieminion": {
		"hostile": false
	},
	"ultimate_unicorn_mod:kirin": {
		"action": ["jump"],
		"hostile": true
	},
	"ultimate_unicorn_mod:reindeer": {
		"action": ["jump"],
		"hostile": true
	},
	"twilightforest:wild_boar": {
		"hostile": false,
        "hands": false,
		"health": 10
	},
	"twilightforest:bighorn_sheep": {
		"abilities": ["climb"],
		"attack": "knockback",
		"hostile": false,
        "hands": false,
		"health": 8
	},
	"twilightforest:deer": {
		"action": ["jump"],
		"hostile": false,
        "hands": false,
		"health": 10
	},
	"twilightforest:tiny_bird": {
        "abilities": ["fly", "prevent_fall"],
		"hostile": false,
        "hands": false,
		"health": 1
	},
	"twilightforest:squirrel": {
        "abilities": ["climb"],
		"action": ["jump"],
		"hostile": false,
        "hands": false,
		"health": 1
	},
	"twilightforest:bunny": {
        "abilities": ["jumping"],
		"action": ["jump"],
		"hostile": false,
        "hands": false,
		"health": 1
	},
	"twilightforest:raven": {
        "abilities": ["fly", "prevent_fall"],
		"hostile": false,
        "hands": false,
		"health": 10
	},
	"twilightforest:penguin": {
        "abilities": ["water_breath"],
		"hostile": false,
        "hands": false,
		"health": 10
	},
	"twilightforest:firefly": {
        "abilities": ["fly", "night_vision", "prevent_fall"],
		"hostile": false,
        "hands": false,
		"health": 6
	},
	"twilightforest:quest_ram": {
		"abilities": ["climb"],
		"attack": "knockback",
		"hostile": false,
        "hands": false,
		"health": 70
	},
	"twilightforest:adherent": {
		"attack": "poison",
		"health": 20,
		"hostile": true,
        "hands": true
	},
	"twilightforest:blockchain_goblin": {
		"attack": "knockback",
		"health": 20,
		"hostile": true,
        "hands": true
	},
	"twilightforest:tower_broodling": {
		"abilities": ["climb"],
		"health": 7,
		"hostile": true,
        "hands": false
	},
	"twilightforest:tower_ghast": {
        "abilities": ["fly", "fire_proof"],
        "action": "fireball",
        "health": 30,
        "hostile": true,
        "hands": false
	},
	"twilightforest:mini_ghast": {
        "abilities": ["fly", "fire_proof"],
        "action": "small_fireball",
        "health": 10,
        "hostile": true,
        "hands": false
	},
	"twilightforest:tower_golem": {
        "attack": "knockback",
        "health": 40,
        "speed": 0.04,
        "hostile": true,
        "hands": true
	},
	"twilightforest:death_tome": {
        "abilities": ["fly", "water_allergy"],
        "health": 30,
        "hostile": true,
        "hands": false
	},
	"twilightforest:fire_beetle": {
        "action": "small_fireball",
        "health": 25,
        "hostile": true,
        "hands": false
	},
	"twilightforest:goblin_knight_upper": {
        "health": 30,
        "hostile": true,
        "hands": true
	},
	"twilightforest:goblin_knight_lower": {
        "health": 20,
        "hostile": true,
        "hands": true
	},
	"twilightforest:harbinger_cube": {
        "health": 40,
        "hostile": true,
        "hands": false
	},
	"twilightforest:hedge_spider": {
		"abilities": ["climb"],
		"health": 16,
		"hostile": true,
        "hands": false
	},
	"twilightforest:helmet_crab": {
		"health": 13,
		"hostile": true,
        "hands": false
	},
    "twilightforest:hostile_wolf": {
        "health": 8,
        "hostile": true,
        "hands": false
    },
	"twilightforest:king_spider": {
		"abilities": ["climb"],
		"health": 30,
		"hostile": true,
        "hands": false,
        "speed": 0.15
	},
	"twilightforest:kobold": {
		"health": 13,
		"hostile": true,
        "hands": true
	},
    "twilightforest:maze_slime": {
        "abilities": ["jumping", "water_breath"],
        "hostile": true,
        "hands": false
    },
    "twilightforest:minotaur": {
        "abilities": ["jumping", "water_breath"],
		"health": 30,
        "hostile": true,
        "hands": true,
        "speed": 0.1
    },
    "twilightforest:mist_wolf": {
        "abilities": ["night_vision"],
        "health": 30,
        "hostile": true,
        "hands": false
    },
	"twilightforest:mosquito_swarm": {
        "abilities": ["fly", "water_allergy"],
        "health": 12,
        "hostile": true,
        "hands": false
	},
	"twilightforest:pinch_beetle": {
        "health": 20,
        "hostile": true,
        "hands": false,
        "speed": 0.15
	},
	"twilightforest:redcap": {
		"health": 20,
		"hostile": true,
        "hands": true
	},
	"twilightforest:redcap_sapper": {
        "action": "explode",
		"health": 30,
		"hostile": true,
        "hands": true
	},
	"twilightforest:roving_cube": {
        "health": 10,
        "hostile": true,
        "hands": false
	},
    "twilightforest:skeleton_druid": {
       	"abilities": ["sun_allergy"],
        "action": "potions",
       	"health": 20,
       	"hostile": true,
       	"hands": true
    },
	"twilightforest:slime_beetle": {
        "action": "snowball",
        "health": 25,
        "hostile": true,
        "hands": false
	},
	"twilightforest:snow_guardian": {
		"health": 10,
		"hostile": true,
        "hands": true
	},
	"twilightforest:stable_ice_core": {
        "abilities": ["fly", "sun_allergy"],
        "action": "snowball",
        "health": 30,
        "hostile": true,
        "hands": false
	},
	"twilightforest:swarm_spider": {
		"abilities": ["climb"],
		"health": 3,
		"hostile": true,
        "hands": false
	},
    "twilightforest:tower_termite": {
        "action": "silverfish",
        "health": 15,
        "hostile": true,
        "hands": false
    },
	"twilightforest:troll": {
		"health": 30,
		"hostile": true,
        "hands": true
	},
	"twilightforest:unstable_ice_core": {
        "abilities": ["fly", "sun_allergy"],
        "action": "explode",
        "health": 30,
        "hostile": true,
        "hands": false
	},
    "twilightforest:winter_wolf": {
        "abilities": ["night_vision"],
        "health": 30,
        "hostile": true,
        "hands": false
    },
    "twilightforest:wraith": {
        "abilities": ["fly", "prevent_fall"],
        "health": 20,
        "hostile": true,
        "hands": true
    },
    "twilightforest:yeti": {
		"attack": "knockback",
        "health": 20,
        "hostile": false,
        "hands": true
    },
    "twilightforest:naga": {
        "health": 200,
        "hostile": true,
        "hands": false,
        "speed": 0.15
    },
    "twilightforest:lich": {
        "action": "fireball",
        "health": 100,
        "hostile": true,
        "hands": true
    },
    "twilightforest:minoshroom": {
		"attack": "knockback",
        "health": 120,
        "hostile": true,
        "hands": true
    },
    "twilightforest:hydra": {
        "action": "fire_breath",
        "health": 360,
        "hostile": true,
        "hands": false
    },
    "twilightforest:knight_phantom": {
        "health": 35,
        "hostile": true,
        "hands": true
    },
    "twilightforest:ur_ghast": {
        "abilities": ["fly", "fire_proof"],
        "action": "fireball",
        "health": 250,
        "hostile": true,
        "hands": false
    },
    "twilightforest:yeti_alpha": {
        "abilities": ["snow_walk"],
        "action": "snowball",
		"attack": "knockback",
        "health": 200,
        "hostile": true,
        "hands": true
    },
    "twilightforest:snow_queen": {
        "abilities": ["fly"],
        "action": "snowball",
        "health": 200,
        "hostile": true,
        "hands": true
    },
    "twilightforest:giant_miner": {
		"attack": "knockback",
        "health": 80,
        "hostile": true,
        "hands": true
    },
    "twilightforest:armored_giant": {
		"attack": "knockback",
        "health": 80,
        "hostile": true,
        "hands": true
    }
}