{
    "modId": "ars_nouveau",
    "group": {
        "name": "Ars Nouveau Saplings",
        "enabledByDefault": true,
        "defaultPayment": {
            "item": "minecraft:emerald"
        },
        "defaultCategory": "farmingforblockheads:saplings"
    },
    "customEntries": [
        {
            "output": "ars_nouveau:blue_archwood_sapling"
        },
        {
            "output": "ars_nouveau:purple_archwood_sapling"
        },
        {
            "output": "ars_nouveau:green_archwood_sapling"
        },
        {
            "output": "ars_nouveau:red_archwood_sapling"
        }
    ]
}